-- Insert data into SALES table
INSERT INTO SALES (Date, Order_id, Item_id, Customer_id, Quantity, Revenue) VALUES
('2022-01-12', 1010, 2001, 3001, 1, 20.00),
('2022-02-15', 1011, 2002, 3002, 3, 75.00),
('2022-03-20', 1012, 2003, 3003, 2, 30.00),
('2022-04-18', 1013, 2004, 3004, 4, 80.00),
('2022-05-10', 1014, 2001, 3005, 5, 100.00),
('2022-06-14', 1015, 2002, 3001, 2, 50.00),
('2022-07-12', 1016, 2003, 3002, 6, 90.00),
('2022-08-16', 1017, 2004, 3003, 1, 20.00),
('2022-09-15', 1018, 2001, 3004, 3, 60.00),
('2022-10-18', 1019, 2002, 3005, 2, 50.00),
('2022-11-13', 1020, 2003, 3001, 5, 75.00),
('2022-12-24', 1021, 2004, 3002, 3, 60.00),
('2023-01-11', 1022, 2001, 3003, 4, 80.00),
('2023-02-14', 1023, 2002, 3004, 5, 125.00),
('2023-03-18', 1024, 2003, 3005, 2, 30.00),
('2023-03-18', 1025, 2004, 3001, 3, 60.00),
('2023-05-25', 1026, 2001, 3002, 1, 20.00),
('2023-06-15', 1027, 2002, 3003, 4, 100.00),
('2023-07-20', 1028, 2003, 3004, 6, 90.00),
('2023-08-18', 1029, 2004, 3005, 1, 20.00),
('2023-09-21', 1030, 2001, 3001, 2, 40.00),
('2023-10-23', 1031, 2002, 3002, 3, 75.00),
('2023-11-15', 1032, 2003, 3003, 1, 15.00),
('2023-12-18', 1033, 2004, 3004, 4, 80.00),
-- Additional entries for practice
('2023-01-23', 1034, 2001, 3005, 2, 40.00),
('2023-02-20', 1035, 2002, 3006, 1, 25.00),
('2023-03-18', 1036, 2003, 3007, 3, 45.00),
('2023-04-30', 1037, 2004, 3008, 5, 100.00),
('2023-05-15', 1038, 2001, 3009, 4, 80.00),
('2023-06-18', 1039, 2002, 3010, 2, 50.00),
('2023-07-22', 1040, 2003, 3006, 6, 90.00),
('2023-08-19', 1041, 2004, 3007, 1, 20.00);

-- Insert data into ITEMS table
INSERT INTO ITEMS (Item_id, Item_name, Price, Department) VALUES
(2001, 'Widget A', 20.00, 'Electronics'),
(2002, 'Widget B', 25.00, 'Home Goods'),
(2003, 'Gadget C', 15.00, 'Electronics'),
(2004, 'Gadget D', 20.00, 'Kitchenware');

-- Insert data into CUSTOMERS table
INSERT INTO CUSTOMERS (Customer_id, First_name, Last_name, Address) VALUES
(3001, 'John', 'Doe', '123 Maple St, NY'),
(3002, 'Jane', 'Smith', '456 Oak Ave, CA'),
(3003, 'Emily', 'Johnson', '789 Pine Rd, TX'),
(3004, 'Michael', 'Brown', '321 Cedar Blvd, FL'),
(3005, 'Sarah', 'Davis', '654 Elm St, WA'),
(3006, 'Alice', 'Cooper', '987 Willow St, OR'),
(3007, 'Bob', 'Green', '654 Birch Ln, NV'),
(3008, 'Carol', 'Thompson', '432 Spruce Dr, MT'),
(3009, 'Dave', 'Martin', '876 Palm Ave, AZ'),
(3010, 'Eve', 'Wilson', '123 Redwood Blvd, UT');
